Name,Average,Grade,Rank
Aarav,88.4,A,6
Diya,80.2,A,13
Vivaan,92.0,A+,4
Ananya,68.2,C,19
Krishna,58.4,F,23
Riya,83.0,A,10
Arjun,97.0,A+,1
Meera,74.0,B,17
Kabir,62.6,C,21
Siya,90.2,A+,5
Ishaan,48.8,F,25
Myra,79.2,B,14
Aditya,85.2,A,9
Kiara,71.2,B,18
Atharv,93.0,A+,3
Sara,82.2,A,11
Yash,61.0,C,22
Anika,88.0,A,7
Dev,75.2,B,16
Aisha,94.2,A+,2
Harsh,67.2,C,20
Tanvi,81.2,A,12
Rohan,55.0,F,24
Neha,87.2,A,8
Rahul,78.95833333333334,B,15
